cve_ent,poblacion,nombre,casos
16046,15290,Juarez,209
16047,22358,Jungapeo,98
16048,5862,Lagunillas,56
16049,18769,Madero,75
5035,744247,Torreon,21111
5036,23781,Viesca,143
7012,56971,Berriozabal,247
11038,12978,Tarandacuao,546
11039,36574,Tarimoro,1055
11040,20238,Tierra Blanca,446
7061,100318,Ocozocoautla de Espinosa,470
7062,19969,Ostuacan,27
12009,5284,Atlamajalcingo del Monte,13
12010,28136,Atlixtac,51
12013,13164,Azoyu,236
7092,45447,Tecpatan,40
7093,47721,Tenejapa,10
7094,47217,Teopisca,21
7096,85507,Tila,29
7097,97839,Tonala,565
7098,7894,Totolapa,6
7099,85344,La Trinitaria,38
7100,37381,Tumbala,18
13047,5354,Pacula,40
8054,8290,Riva Palacio,23
8055,18394,Rosales,170
8056,2182,Rosario,10
13061,58776,Tepeapulco,2311
14011,5921,Atengo,62
14051,19203,Juanacatlan,310
10037,9849,Topia,90
14120,1433360,Zapopan,28747
14121,31317,Zapotiltic,288
14122,7479,Zapotitlan de Vadillo,43
14123,19347,Zapotlan del Rey,155
14124,72439,Zapotlanejo,434
13071,10933,Tlahuiltepa,66
13072,11165,Tlanalapa,268
15021,41717,Coatepec Harinas,211
15029,226911,Chicoloapan,3693
15075,29145,San Martin de las Piramides,390
17024,55553,Tlaltizapan de Zapata,1167
17025,36147,Tlaquiltenango,734
19002,2599,Agualeguas,166
19003,1506,Los Aldamas,25
19004,38297,Allende,2124
19005,19976,Anahuac,251
19009,105145,Cadereyta Jimenez,6428
19011,8324,Cerralvo,611
19012,50563,Cienega de Flores,1747
19013,11962,China,210
19014,37859,Doctor Arroyo,1428
19015,1845,Doctor Coss,21
19031,396864,Juarez,10263
19032,5783,Lampazos de Naranjo,146
19033,88689,Linares,3419
19034,6199,Marin,53
20028,21913,Heroica Ciudad de Ejutla de Crespo,396
19037,5882,Mina,84
19038,67657,Montemorelos,3862
19039,1124835,Monterrey,58754
19048,322051,Santa Catarina,12544
19049,46955,Santiago,2448
19050,1942,Vallecillo,24
19051,4567,Villaldama,206
20068,22936,Ocotlan de Morelos,813
20002,47616,Acatlan de Perez Figueroa,152
20031,7677,Tamazulapam del Espiritu Santo,71
20005,15831,Asuncion Ixtaltepec,318
20006,19655,Asuncion Nochixtlan,349
20008,804,Asuncion Tlacolulita,12
20009,7452,Ayotzintepec,32
20010,14895,El Barrio de la Soledad,658
20012,10829,Candelaria Loxicha,22
20015,4738,Coatecas Altas,8
20018,826,Concepcion Buenavista,9
20113,3072,San Baltazar Loxicha,4
20036,5479,Guevea de Humboldt,24
20039,81271,Heroica Ciudad de Huajuapan de Leon,2583
20041,32459,Huautla de Jimenez,122
20042,8521,Ixtlan de Juarez,113
20043,103241,Heroica Ciudad de Juchitan de Zaragoza,2217
20044,44584,Loma Bonita,535
20059,45679,Miahuatlan de Porfirio Diaz,1185
20073,34568,Putla Villa de Guerrero,371
20093,505,San Andres Lagunas,1
20198,30815,San Juan Guichicovi,48
20085,25684,San Agustin Loxicha,56
20098,4590,San Andres Teotilalpam,0
20104,2788,San Antonino el Alto,6
20205,17579,San Juan Lalana,19
20207,19226,San Juan Mazatlan,18
20152,2357,San Francisco Tlapancingo,4
20161,2688,San Jeronimo Sosola,17
20175,1652,San Juan Bautista Atatlahuca,9
20141,8091,San Francisco del Mar,6
20177,10341,San Juan Bautista Cuicatlan,284
20147,387,San Francisco Nuxaño,1
20149,1773,San Francisco Sola,13
20155,1007,San Ildefonso Sola,1
20156,3537,San Ildefonso Villa Alta,22
20159,5501,San Jeronimo Coatlan,24
20164,2937,San Jorge Nuchita,23
20184,170588,San Juan Bautista Tuxtepec,4128
20185,9264,San Juan Cacahuatepec,68
20186,598,San Juan Cieneguilla,0
20190,24519,San Juan Cotzocon,75
20211,2780,San Juan Ozolotepec,4
20212,3041,San Juan Petlapa,2
20213,4145,San Juan Quiahije,3
20214,2135,San Juan Quiotepec,4
20202,4968,San Juan Lachao,12
20217,3079,San Juan Tamazola,7
20515,68052,Santo Domingo Tehuantepec,1275
20526,18273,Santos Reyes Nopala,69
20457,3279,Santiago Camotlan,8
20229,8520,San Lorenzo Texmelucan,2
20230,1010,San Lorenzo Victoria,6
20232,21069,San Lucas Ojitlan,99
20277,12703,Villa Sola de Vega,93
20278,40476,San Miguel Soyaltepec,81
20279,2833,San Miguel Suchixtepec,13
20261,7808,San Miguel Amatitlan,17
20272,6768,San Miguel Panixtlahuaca,14
20273,3463,San Miguel Peras,8
20275,8512,San Miguel Quetzaltepec,3
20290,1043,San Nicolas Hidalgo,8
20291,4369,San Pablo Coatlan,19
20549,11399,Villa Tezoatlan de Segura y Luna,58
20306,3781,San Pedro el Alto,6
20309,11804,San Pedro Ixcatlan,16
20334,47281,Villa de Tututepec de Melchor Ocampo,215
20318,51195,San Pedro Mixtepec Distrito 22,1104
20324,49364,San Pedro Pochutla,611
20337,5406,San Pedro y San Pablo Ayutla,17
20340,1778,San Pedro y San Pablo Tequixtepec,11
20341,239,San Pedro Yucunama,4
26024,817,Divisaderos,6
26025,60631,Empalme,2903
26026,66633,Etchojoa,1160
20364,16319,Santa Catarina Juquila,290
20366,3973,Santa Catarina Loxicha,11
20401,25179,Santa Maria Colotepec,280
20371,1095,Santa Catarina Ticua,8
20377,11961,Santa Cruz Itundujia,31
20378,3654,Santa Cruz Mixtepec,40
20385,98970,Santa Cruz Xoxocotlan,4481
20386,19026,Santa Cruz Zenzontepec,16
20389,945,Santa Ines Yatzeche,2
20394,2898,Santa Maria Alotepec,14
20397,42679,Heroica Ciudad de Tlaxiaco,771
20406,21031,Santa Maria Chilchotla,7
20407,9380,Santa Maria Chimalapa,37
20410,3508,Santa Maria Ecatepec,4
20413,46818,Santa Maria Huatulco,1695
20417,9625,Santa Maria Jacatepec,39
20424,3970,Santa Maria Ozolotepec,49
20426,8781,Santa Maria Peñoles,21
20427,17112,Santa Maria Petapa,143
20435,3902,Santa Maria Tepantlali,5
20447,16538,Santa Maria Zacatepec,63
20450,13114,Santiago Amoltepec,21
20459,4627,Santiago Chazumba,48
20460,5338,Santiago Choapam,51
20466,13319,Santiago Ixtayutla,8
20467,19738,Santiago Jamiltepec,193
20470,4862,Santiago Lachiguiri,10
20477,1440,Santiago Minas,3
20479,211,Santiago Nejapilla,0
20481,1805,Santiago Nuyoo,1
20484,4623,Santiago Tamazola,21
20498,7104,Santiago Yaveo,24
20492,3014,Santiago Tilantongo,7
20495,3106,Santiago Xanica,1
20500,8672,Santiago Yosondua,20
20513,9495,Santo Domingo Petapa,85
20543,5999,Tataltepec de Valdes,5
21017,30052,Atempan,144
21018,4005,Atexcal,14
21019,143903,Atlixco,3059
21071,111389,Huauchinango,1517
21072,19663,Huehuetla,34
21022,12950,Atzitzihuacan,28
21023,9727,Atzitzintla,19
21024,981,Axutla,1
21025,9105,Ayotoxco de Guerrero,33
21026,15345,Calpan,84
21027,4148,Caltepec,13
21031,3119,Coatzingo,13
21032,1415,Cohetzala,7
21033,5174,Cohuecan,13
21035,21827,Coxcatlan,171
21036,14840,Coyomeapan,5
21037,2449,Coyotepec,32
21081,3798,Ixcamilpa de Guerrero,12
21082,9411,Ixcaquixtla,102
21083,25772,Ixtacamaxtitlan,63
21092,5578,Juan N. Mendez,17
21093,8243,Lafragua,19
21094,36010,Libres,230
21096,3005,Mazapiltepec de Juarez,17
21098,6574,Molcaxac,40
21126,6639,San Jeronimo Tecuanipan,41
21127,3675,San Jeronimo Xayacatlan,21
21128,9309,San Jose Chiapa,100
21129,14148,San Jose Miahuatlan,40
21130,3545,San Juan Atenco,27
21119,154192,San Andres Cholula,2743
21120,5871,San Antonio Cañada,19
21121,1267,San Diego la Mesa Tochimiltzingo,4
21122,11025,San Felipe Teotlalcingo,89
21123,4143,San Felipe Tepatlan,11
21145,14734,San Sebastian Tlacotepec,11
21146,853,Santa Catarina Tlaltempan,18
21147,6712,Santa Ines Ahuatempan,24
21148,9425,Santa Isabel Cholula,60
21149,27176,Santiago Miahuatlan,197
21150,7648,Huehuetlan el Grande,21
22003,14789,Arroyo Seco,359
23007,31385,Lazaro Cardenas,593
23008,239850,Solidaridad,11535
23009,36866,Tulum,571
24008,22722,Cerritos,421
24009,4762,Cerro de San Pedro,87
24010,35725,Ciudad del Maiz,199
24011,47527,Ciudad Fernandez,1763
24012,21674,Tancanhuitz,427
24013,187772,Ciudad Valles,8622
24015,21918,Charcas,591
24016,45721,Ebano,987
24017,27705,Guadalcazar,340
24019,5775,Lagunillas,66
24046,18602,Villa de Arriaga,198
24047,10198,Villa de Guadalupe,149
24051,15552,Villa Hidalgo,143
24052,10605,Villa Juarez,89
24053,38871,Axtla de Terrazas,1005
24057,32154,Matlapa,888
26006,2958,Arizpe,48
26008,1220,Bacadehuachi,7
26022,1066,Cucurpe,14
26029,171035,Guaymas,5675
26033,86918,Huatabampo,2538
26036,33896,Magdalena,971
26040,2172,Nacori Chico,68
26045,2949,Opodepe,5
26051,5488,Rosario,156
26052,6122,Sahuaripa,258
26055,206982,San Luis Rio Colorado,5231
26062,1222,Suaqui Grande,7
26064,1763,Trincheras,15
26058,17813,Santa Ana,557
28037,26467,Soto la Marina,1046
28038,334535,Tampico,15030
28039,30885,Tula,379
29015,41831,Ixtacuixtla de Mariano Matamoros,738
29016,7759,Ixtenco,156
29017,11601,Mazatecochco de Jose Maria Morelos,63
29018,41267,Contla de Juan Cuamatzi,755
26069,6387,Yecora,95
26071,23843,Benito Juarez,821
26072,15677,San Ignacio Rio Muerto,384
27001,64346,Balancan,3051
28005,4735,Burgos,24
28007,16332,Camargo,288
28008,4410,Casas,21
28010,1998,Cruillas,18
28011,9689,Gomez Farias,102
28012,46374,Gonzalez,448
28013,16524,Güemez,138
28014,4786,Guerrero,67
28015,16640,Gustavo Diaz Ordaz,95
28016,24504,Hidalgo,153
29055,3328,San Lucas Tecopilco,41
30012,8469,Amatitlan,96
30013,30103,Naranjos Amatlan,140
30014,48007,Amatlan de los Reyes,580
30015,35909,Angel R. Cabada,351
30016,28481,La Antigua,1204
30017,4288,Apazapan,15
30093,17572,Jilotepec,129
30094,41108,Juan Rodriguez Clara,113
30095,16662,Juchique de Ferrer,33
29020,10588,Sanctorum de Lazaro Cardenas,59
29021,19402,Nanacamilpa de Mariano Arista,228
29022,6934,Acuamanala de Miguel Hidalgo,135
29023,27294,Nativitas,362
29024,29017,Panotla,629
29025,82542,San Pablo del Monte,1085
29026,22062,Santa Cruz Tlaxcala,477
30097,20987,Lerdo de Tejada,526
29028,26065,Teolocholco,681
29029,14396,Tepeyanco,357
29030,16330,Terrenate,139
29031,34866,Tetla de la Solidaridad,715
29032,15237,Tetlatlahuca,196
29033,103435,Tlaxcala,4950
29043,41773,Yauhquemehcan,983
29044,47148,Zacatelco,1559
30177,11825,Tlacolulan,27
30178,14121,Tlacotalpan,136
30179,4156,Tlacotepec de Mejia,11
30180,12158,Tlachichilco,11
30181,40083,Tlalixcoyan,210
30182,19767,Tlalnelhuayocan,100
30183,65087,Tlapacoyan,409
30184,8035,Tlaquilpa,8
29046,4836,Emiliano Zapata,23
29050,11502,San Francisco Tetlanohcan,166
29052,6421,San Jose Teacalco,77
30001,9131,Acajete,40
30019,6685,Astacinga,8
30020,11318,Atlahuilco,69
30021,25040,Atoyac,180
30022,22414,Atzacan,303
30023,52831,Atzalan,178
30024,16443,Tlaltetela,29
30025,28005,Ayahualulco,52
30026,24692,Banderilla,279
30042,5902,Colipa,20
30043,21159,Comapa,36
30044,228703,Cordoba,7018
30045,59870,Cosamaloapan de Carpio,2071
30046,17107,Cosautlan de Carvajal,32
30047,60872,Coscomatepec,217
30048,145830,Cosoleacaque,1240
30049,21972,Cotaxtla,106
30050,17506,Coxquihui,23
30051,23502,Coyutla,39
30052,12835,Cuichapa,99
30053,29555,Cuitlahuac,188
30054,13110,Chacaltianguis,93
30055,14137,Chalma,46
30056,7031,Chiconamel,22
30065,84197,Emiliano Zapata,682
30066,28537,Espinal,61
30067,19443,Filomeno Mata,15
30068,70428,Fortin,2192
30069,25874,Gutierrez Zamora,174
30070,19739,Hidalgotitlan,28
30071,63649,Huatusco,353
30072,22587,Huayacocotla,89
30073,45332,Hueyapan de Ocampo,287
30099,18845,Maltrata,142
30100,24849,Manlio Fabio Altamirano,237
30101,38503,Mariano Escobedo,719
30102,111164,Martinez de la Torre,2237
30103,12950,Mecatlan,8
30104,17526,Mecayapan,18
30105,83280,Medellin,1448
30106,4928,Miahuatlan,17
30117,25159,Omealca,128
30121,24470,Ozuluama de Mascareñas,76
30122,18172,Pajapan,16
30123,105926,Panuco,1834
30124,166496,Papantla,1361
30132,20667,Las Vigas de Ramirez,53
30137,6200,Los Reyes,7
30139,6526,Saltabarranca,55
30186,7326,Tomatlan,56
30187,6001,Tonayan,9
30188,18306,Totutla,27
30189,169763,Tuxpan,3354
30191,32478,Ursulo Galvan,576
30195,5685,Xoxocotla,1
30200,14056,Zentla,8
30201,45823,Zongolica,377
30202,15258,Zontecomatlan de Lopez y Fuentes,7
30203,15708,Zozocolco de Hidalgo,15
30204,50680,Agua Dulce,420
30205,20600,El Higo,291
30207,48712,Tres Valles,741
30208,25991,Carlos A. Carrillo,415
30209,16248,Tatahuicapan de Juarez,15
30210,30449,Uxpanapa,80
30211,31464,San Rafael,296
30212,15037,Santiago Sochiapan,15
31006,9560,Buctzotz,243
31050,963861,Merida,47388
31008,4328,Calotmul,21
31011,8260,Celestun,72
31058,26894,Peto,404
31059,63037,Progreso,1971
31017,4896,Chankom,86
31019,39000,Chemax,311
31065,2072,San Felipe,136
31028,2892,Dzilam de Bravo,14
31029,6543,Dzilam Gonzalez,32
31030,4034,Dzitas,101
31032,17300,Espita,214
31036,8243,Homun,71
31040,28872,Izamal,611
31047,6001,Mani,47
31052,39052,Motul,875
31101,58139,Uman,1971
31102,86205,Valladolid,3906
31061,3811,Rio Lagartos,114
32037,18789,Panuco,171
32038,76871,Pinos,549
32039,67507,Rio Grande,763
32040,23283,Sain Alto,124
31066,4278,Santa Elena,54
31067,10360,Seye,119
31069,9485,Sotuta,26
31071,1825,Sudzal,18
31079,45441,Tekax,998
31081,3443,Tekom,68
31084,7746,Temax,51
31085,16593,Temozon,341
31089,42960,Ticul,1739
31091,12771,Tinum,267
31092,7614,Tixcacalcupul,37
31093,19340,Tixkokob,389
31096,82742,Tizimin,1982
31098,15686,Tzucacab,156
31099,4368,Uayma,124
31104,16313,Yaxcaba,117
32001,6342,Apozol,39
32002,5097,Apulco,29
32042,65330,Sombrerete,1663
32043,1429,Susticacan,18
32044,16372,Tabasco,268
32045,9180,Tepechitlan,193
32046,7483,Tepetongo,94
32047,5172,Teul de Gonzalez Ortega,182
32048,28112,Tlaltenango de Sanchez Roman,937
32049,34792,Valparaiso,240
32050,10536,Vetagrande,137
32051,37099,Villa de Cos,444
1001,961977,Aguascalientes,30543
1002,50864,Asientos,585
1003,60760,Calvillo,1185
1008,9661,San Jose de Gracia,151
1009,22743,Tepezala,331
1010,21947,El Llano,109
1011,51568,San Francisco de los Romo,373
2001,536143,Ensenada,14149
2002,1087478,Mexicali,29788
2003,113857,Tecate,2426
2004,1789531,Tijuana,27073
2005,107859,Playas de Rosarito,1975
3001,83051,Comondu,4285
3002,67727,Mulege,3439
3003,301961,La Paz,23519
3008,330312,Los Cabos,22847
3009,21657,Loreto,2336
4001,63298,Calkini,556
4002,317424,Campeche,11239
4003,275478,Carmen,6789
4004,99945,Champoton,1385
4005,34683,Hecelchakan,614
7046,43292,Jiquipilas,47
7112,37811,San Juan Cancuc,11
17004,91043,Ayala,1474
18006,31770,Ixtlan del Rio,408
13018,25460,Chapulhuacan,121
16015,18450,Coalcoman de Vazquez Pallares,193
16016,21736,Coeneo,119
16017,35877,Contepec,70
16018,9487,Copandaro,105
1004,16918,Cosio,143
1005,130184,Jesus Maria,1120
1006,50032,Pabellon de Arteaga,1033
1007,57981,Rincon de Romos,946
4006,44051,Hopelchen,451
4007,9868,Palizada,221
4008,11930,Tenabo,149
4009,63495,Escarcega,1847
5002,163157,Acuña,4375
16041,15916,Irimbo,61
16042,13523,Ixtlan,45
16043,72669,Jacona,694
16044,13350,Jimenez,114
16067,17752,Penjamillo,111
16092,14082,Tiquicheo de Nicolas Romero,75
16109,3343,Zinaparo,57
8030,8603,Guazapares,217
18010,37093,Rosamorada,517
14119,30432,Zacoalco de Torres,326
16019,19674,Cotija,201
16020,31334,Cuitzeo,266
16021,13006,Charapan,60
16022,23273,Charo,274
15115,54531,Xonacatlan,835
4010,31723,Calakmul,485
4011,48722,Candelaria,344
5001,1130,Abasolo,14
5003,24705,Allende,812
5004,25477,Arteaga,316
5005,1945,Candela,43
5006,30568,Castaños,662
5019,9430,Morelos,232
5020,75647,Muzquiz,2632
16045,34725,Jiquilpan,353
5007,14623,Cuatro Cienegas,1042
16050,92676,Maravatio,895
16051,14517,Marcos Castellanos,73
16052,192153,Lazaro Cardenas,11945
16053,825585,Morelia,16666
20049,1209,Magdalena Ocotlan,24
16088,119032,Tarimbaro,850
16089,24911,Tepalcatepec,244
7072,35144,Pueblo Nuevo Solistahuacan,15
16112,172015,Zitacuaro,2025
8048,25596,Namiquipa,176
11024,12620,Pueblo Nuevo,306
14006,64979,Ameca,873
5008,3353,Escobedo,36
5009,64483,Francisco I. Madero,1966
5021,7152,Nadadores,168
16059,8480,Nuevo Urecho,77
16060,10290,Numaran,129
16061,25418,Ocampo,84
16062,20338,Pajacuaran,71
16063,16536,Panindicuaro,98
16064,27992,Paracuaro,125
16065,39341,Paracho,680
16066,98122,Patzcuaro,2312
5010,87942,Frontera,2292
5029,2614,Sacramento,185
5030,869184,Saltillo,25104
5031,25820,San Buenaventura,589
5032,47315,San Juan de Sabinas,2387
16068,29376,Periban,198
5011,13501,General Cepeda,191
5012,1964,Guerrero,32
7008,30925,Angel Albino Corzo,43
7009,44264,Arriaga,163
16069,110385,La Piedad,2150
16070,16103,Purepero,196
16071,70372,Puruandiro,580
16072,14356,Querendaro,137
16073,29118,Quiroga,254
16074,10935,Cojumatlan de Regules,111
16075,73199,Los Reyes,1116
16076,81371,Sahuayo,810
16077,18936,San Lucas,190
16078,13124,Santa Ana Maya,105
16079,51652,Salvador Escalante,242
16080,19980,Senguio,57
16081,9161,Susupuato,34
16082,81105,Tacambaro,602
16083,32707,Tancitaro,210
16084,30945,Tangamandapio,199
16085,35305,Tangancicuaro,241
16086,16286,Tanhuato,90
16087,15465,Taretan,327
5013,1888,Hidalgo,22
5014,10994,Jimenez,69
7036,7882,La Grandeza,2
7037,38185,Huehuetan,105
5015,1722,Juarez,23
5016,1984,Lamadrid,97
5017,119492,Matamoros,1773
7038,25616,Huixtan,16
7039,25161,Huitiupan,3
7040,59209,Huixtla,508
7041,49602,La Independencia,20
7042,12317,Ixhuatan,9
7043,11777,Ixtacomitan,34
7044,29778,Ixtapa,20
7045,5988,Ixtapangajoya,37
5018,251346,Monclova,8955
7047,22619,Jitotol,30
7048,23527,Juarez,75
7049,25725,Larrainzar,20
7050,5424,La Libertad,66
7051,51875,Mapastepec,118
7052,134759,Las Margaritas,123
16090,15878,Tingambato,58
16091,15337,Tingüindin,115
5022,33101,Nava,946
5023,11628,Ocampo,166
7070,15501,El Porvenir,7
7071,31522,Villa Comaltitlan,47
5024,48694,Parras,2009
5025,177255,Piedras Negras,8261
7106,70992,Venustiano Carranza,188
7107,85784,Villa Corzo,92
7108,115691,Villaflores,353
7109,41655,Yajalon,35
7110,7896,San Lucas,9
7111,44824,Zinacantan,12
5026,3654,Progreso,48
5027,103252,Ramos Arizpe,1901
16093,30331,Tlalpujahua,157
16094,6654,Tlazazalca,58
16095,12593,Tocumbo,137
16096,6992,Tumbiscatio,21
16097,32588,Turicato,182
16098,28471,Tuxpan,401
16099,15964,Tuzantla,249
16100,15139,Tzintzuntzan,217
16101,9026,Tzitzio,62
16102,354727,Uruapan,8285
16103,26074,Venustiano Carranza,116
16104,17460,Villamar,148
16105,21677,Vista Hermosa,85
16106,33136,Yurecuaro,277
16107,79809,Zacapu,1687
16108,207985,Zamora,3224
5028,69500,Sabinas,3364
16110,49471,Zinapecuaro,492
16111,18251,Ziracuaretiro,100
5033,117370,San Pedro,2728
16113,27504,Jose Sixto Verduzco,260
17001,18861,Amacuzac,309
17002,24153,Atlatlahucan,401
17003,38236,Axochiapan,385
5034,7740,Sierra Mojada,57
17019,28871,Tepalcingo,327
12055,112561,Taxco de Alarcon,2405
15051,159948,Lerma,2154
16040,17595,Indaparapeo,87
5037,6859,Villa Union,316
7113,7152,Aldama,10
7114,21603,Benemerito de las Americas,82
5038,14203,Zaragoza,461
6001,32363,Armeria,642
6002,169188,Colima,9644
6003,23902,Comala,333
6004,22167,Coquimatlan,781
6005,32829,Cuauhtemoc,831
6006,6078,Ixtlahuacan,255
6007,203306,Manzanillo,8356
6008,9670,Minatitlan,227
6009,134631,Tecoman,5358
6010,151019,Villa de Alvarez,6817
7001,19856,Acacoyagua,26
7002,34494,Acala,47
7003,31069,Acapetahua,42
7004,35982,Altamirano,51
7005,21836,Amatan,15
8020,8541,Chinipas,203
8021,160245,Delicias,2800
8022,2770,Dr. Belisario Dominguez,15
8023,7056,Galeana,67
8024,4293,Santa Isabel,44
8025,9599,Gomez Farias,129
8026,2787,Gran Morelos,24
8027,49926,Guachochi,792
8028,5080,Guadalupe,29
8029,58658,Guadalupe y Calvo,161
7006,33860,Amatenango de la Frontera,46
8031,42409,Guerrero,414
8032,117624,Hidalgo del Parral,3395
8033,1070,Huejotitan,9
8034,7488,Ignacio Zaragoza,41
8035,11778,Janos,79
8036,45709,Jimenez,703
8037,1464930,Juarez,27323
8038,4913,Julimes,150
8039,4342,Lopez,58
8040,30936,Madera,162
8041,1731,Maguarichi,27
8042,1562,Manuel Benavides,76
8043,3306,Matachi,9
8044,4847,Matamoros,77
8045,48242,Meoqui,643
8046,8309,Morelos,72
8047,5520,Moris,24
7007,10779,Amatenango del Valle,17
7010,8324,Bejucal de Ocampo,5
8049,2831,Nonoava,72
8050,67320,Nuevo Casas Grandes,1329
8051,7989,Ocampo,106
8052,29996,Ojinaga,1162
17009,20372,Huitzilac,450
17010,18361,Jantetelco,233
17011,227649,Jiutepec,6423
17012,61366,Jojutla,1638
17013,16732,Jonacatepec,295
17014,10691,Mazatepec,189
17015,28263,Miacatlan,282
17016,19683,Ocuituco,229
17017,70917,Puente de Ixtla,1013
17018,123812,Temixco,2847
7011,22028,Bella Vista,14
7013,38101,Bochil,107
7014,24374,El Bosque,9
7015,50439,Cacahoatan,147
7016,19006,Catazaja,47
7017,93518,Cintalapa,132
7018,10035,Coapilla,4
7019,170498,Comitan de Dominguez,610
7020,50535,La Concordia,52
7021,24030,Copainala,19
7022,18016,Chalchihuitan,14
7023,95357,Chamula,19
9013,418060,Xochimilco,52613
17020,51373,Tepoztlan,741
17021,8326,Tetecala,219
17022,22015,Tetela del Volcan,251
20050,3644,Magdalena Peñasco,3
10010,4165,Hidalgo,50
7024,13332,Chanal,17
7025,8248,Chapultenango,6
7026,43453,Chenalho,18
7027,111223,Chiapa de Corzo,583
7028,6406,Chiapilla,17
10003,4649,Coneto de Comonfort,30
10004,37479,Cuencame,698
10005,695597,Durango,27338
10006,10812,General Simon Bolivar,24
10007,369760,Gomez Palacio,9126
10008,37792,Guadalupe Victoria,514
10009,10512,Guanacevi,91
7029,5605,Chicoasen,10
7030,38122,Chicomuselo,21
7031,140023,Chilon,18
7032,34628,Escuintla,32
10011,5392,Inde,46
10012,164763,Lerdo,2591
10013,28301,Mapimi,251
10014,40593,Mezquital,308
10015,13877,Nazas,80
10016,20881,Nombre de Dios,126
10017,10333,Ocampo,392
10018,12281,El Oro,230
10019,5513,Otaez,23
10020,12907,Panuco de Coronado,216
10021,11538,Peñon Blanco,68
10022,26935,Poanas,255
10023,53006,Pueblo Nuevo,1826
10024,14407,Rodeo,336
10025,3459,San Bernardo,24
10026,20114,San Dimas,533
10027,5917,San Juan de Guadalupe,9
10028,13310,San Juan del Rio,206
18003,12736,Amatlan de Cañas,58
18004,81920,Compostela,1621
18005,13540,Huajicori,95
7033,8278,Francisco Leon,3
7034,80805,Frontera Comalapa,64
7035,15741,Frontera Hidalgo,46
10033,6766,Suchil,78
10034,27368,Tamazula,175
10035,11545,Tepehuanes,130
18007,20016,Jala,235
18008,62038,Xalisco,1392
18009,45317,Del Nayar,194
7053,8552,Mazapa de Madero,19
11010,12998,Coroneo,739
11011,101319,Cortazar,2516
11012,29959,Cueramaro,928
11013,25606,Doctor Mora,555
11014,160771,Dolores Hidalgo Cuna de la Independencia Nacional,3914
11015,198035,Guanajuato,7336
11016,22612,Huanimaro,407
11017,610700,Irapuato,18796
11018,41154,Jaral del Progreso,1655
11019,51332,Jerecuaro,1618
11020,1679610,Leon,62438
11021,54378,Moroleon,2103
11022,24758,Ocampo,785
11023,159968,Penjamo,2958
7054,31856,Mazatan,103
11025,86012,Purisima del Rincon,1574
11026,62603,Romita,1525
11027,293293,Salamanca,8796
11028,106978,Salvatierra,4173
11029,41588,San Diego de la Union,1443
11030,118417,San Felipe,2975
11031,125904,San Francisco del Rincon,3382
11032,83562,San Jose Iturbide,2193
11033,127678,San Luis de la Paz,3581
11034,5584,Santa Catarina,86
11035,88644,Santa Cruz de Juventino Rosas,2336
11036,7327,Santiago Maravatio,498
11037,201020,Silao de la Victoria,4326
7055,6191,Metapa,33
11041,67184,Uriangato,2388
11042,153094,Valle de Santiago,4181
11043,21521,Victoria,469
11044,62918,Villagran,1603
11045,12285,Xichu,252
11046,73948,Yuriria,1619
12001,840795,Acapulco de Juarez,29533
12002,27366,Ahuacuotzingo,254
12003,38895,Ajuchitlan del Progreso,324
12004,20112,Alcozauca de Guerrero,109
18011,26928,Ruiz,369
18012,48024,San Blas,869
18013,8231,San Pedro Lagunillas,72
18014,25510,Santa Maria del Oro,216
18015,106038,Santiago Ixcuintla,2015
18016,43043,Tecuala,562
18017,445889,Tepic,16919
18018,33358,Tuxpan,648
18019,14962,La Yesca,40
18020,174510,Bahia de Banderas,6652
20051,4782,Magdalena Teitipac,9
13028,139683,Huejutla de Reyes,1474
15013,557108,Atizapan de Zaragoza,12040
16031,17519,Epitacio Huerta,73
7056,13286,Mitontic,15
7057,79732,Motozintla,139
12005,6959,Alpoyeca,102
12006,11719,Apaxtla,33
7058,4726,Nicolas Ruiz,5
7059,239322,Ocosingo,205
12007,32547,Arcelia,385
12008,8914,Atenango del Rio,32
7060,13773,Ocotepec,3
12011,62574,Atoyac de Alvarez,915
12012,70242,Ayutla de los Libres,887
12014,15926,Benito Juarez,296
12015,13737,Buenavista de Cuellar,146
12016,12661,Coahuayutla de Jose Maria Izazaga,26
12017,14050,Cocula,197
12018,14641,Copala,204
12019,15096,Copalillo,38
12020,20779,Copanatoyac,35
12021,78931,Coyuca de Benitez,447
12022,40408,Coyuca de Catalan,500
12023,27919,Cuajinicuilapa,363
14041,6197,Huejucar,84
26013,1797,Banamichi,44
18002,17226,Ahuacatlan,236
7063,4110,Osumacinta,3
7064,51731,Oxchuc,15
7065,131491,Palenque,378
7066,24107,Pantelho,11
7067,13370,Pantepec,5
7068,34340,Pichucalco,249
7069,58167,Pijijiapan,74
12053,50859,San Marcos,369
12054,28289,San Miguel Totolapan,171
7073,10564,Rayon,4
7074,49480,Reforma,483
7075,30874,Las Rosas,27
7076,29348,Sabanilla,18
7077,68779,Salto de Agua,47
7078,231345,San Cristobal de las Casas,940
7079,42939,San Fernando,84
7080,39536,Siltepec,21
7081,48046,Simojovel,20
7082,15524,Sitala,3
7083,20161,Socoltenango,24
7084,8812,Solosuchiapa,12
7085,11749,Soyalo,16
7086,26510,Suchiapa,43
7087,42201,Suchiate,60
7088,2601,Sunuapa,3
7089,384312,Tapachula,4695
7090,4346,Tapalapa,0
12056,47593,Tecoanapa,728
12057,66974,Tecpan de Galeana,562
12058,59123,Teloloapan,324
12059,32914,Tepecoacuilco de Trujano,212
12060,14890,Tetipac,50
12061,44479,Tixtla de Guerrero,1524
12062,24221,Tlacoachistlahuaca,94
12063,10420,Tlacoapa,17
12064,12711,Tlalchapa,291
19024,6604,General Zaragoza,118
19025,91913,General Zuazua,1703
7091,14197,Tapilula,12
7101,662591,Tuxtla Gutierrez,9206
7102,45900,Tuxtla Chico,170
7103,34867,Tuzantan,92
7104,16874,Tzimol,20
12071,30222,Xochistlahuaca,412
12072,12587,Zapotitlan Tablas,17
12073,18228,Zirandaro,251
12074,23871,Zitlala,109
12075,52924,Eduardo Neri,676
12076,38738,Acatepec,42
12077,14269,Marquelia,266
12078,19337,Cochoapa el Grande,23
12079,17905,Jose Joaquin de Herrera,20
19026,710413,Guadalupe,27092
19027,1998,Los Herreras,43
19028,1712,Higueras,35
14050,49419,Jocotepec,498
16005,11768,Angangueo,107
7105,16780,Union Juarez,28
7115,13755,Maravilla Tenejapa,1
7116,12226,Marques de Comillas,11
13019,19638,Chilcuautla,296
13020,2972,Eloxochitlan,19
13021,15803,Emiliano Zapata,456
13022,16053,Epazoyucan,357
13023,38879,Francisco I. Madero,395
13024,19077,Huasca de Ocampo,169
13025,23193,Huautla,95
13026,15009,Huazalingo,87
13027,27313,Huehuetla,229
7117,8367,Montecristo de Guerrero,25
13029,49792,Huichapan,987
13030,99735,Ixmiquilpan,1148
13031,14478,Jacala de Ledezma,67
13032,12806,Jaltocan,78
13033,3412,Juarez Hidalgo,26
13034,10256,Lolotla,66
13035,12508,Metepec,149
13036,10333,San Agustin Metzquititlan,77
13037,22194,Metztitlan,170
13038,9665,Mineral del Chico,103
13039,15737,Mineral del Monte,375
13040,10915,La Mision,48
13041,49931,Mixquiahuala de Juarez,744
13042,12518,Molango de Escamilla,303
13043,7394,Nicolas Flores,55
13044,18122,Nopala de Villagran,251
13045,10555,Omitlan de Juarez,125
13046,41749,San Felipe Orizatlan,170
13048,280312,Pachuca de Soto,12591
13049,18829,Pisaflores,87
13050,25375,Progreso de Obregon,424
13051,185907,Mineral de la Reforma,6108
13052,39180,San Agustin Tlaxiaca,488
13053,20082,San Bartolo Tutotepec,203
13054,37993,San Salvador,427
13055,18386,Santiago de Anaya,213
13056,40098,Santiago Tulantepec de Lugo Guerrero,856
13057,17377,Singuilucan,165
13058,17607,Tasquillo,249
13059,40515,Tecozautla,318
7118,5845,San Andres Duraznal,0
7119,3975,Santiago el Pinar,9
8001,12953,Ahumada,99
8002,26197,Aldama,300
8003,9453,Allende,228
13060,19646,Tenango de Doria,265
8004,19050,Aquiles Serdan,122
8005,26409,Ascension,295
8006,6729,Bachiniva,38
8007,17825,Balleza,56
8008,12939,Batopilas,61
8009,29835,Bocoyna,852
8010,25001,Buenaventura,301
8011,55255,Camargo,716
8012,10083,Carichi,34
8013,12143,Casas Grandes,126
8014,2364,Coronado,27
8015,1819,Coyame del Sotol,29
8016,4226,La Cruz,39
8017,181552,Cuauhtemoc,3122
8018,5098,Cusihuiriachi,30
8019,949395,Chihuahua,22460
8053,5140,Praxedis G. Guerrero,35
13062,32819,Tepehuacan de Guerrero,144
13063,93651,Tepeji del Rio de Ocampo,2430
13064,11792,Tepetitlan,146
11009,87191,Comonfort,1928
8057,2445,San Francisco de Borja,17
8058,2830,San Francisco de Conchos,24
8059,5502,San Francisco del Oro,62
14007,9961,San Juanito de Escobedo,112
14008,80444,Arandas,1120
14009,21022,El Arenal,140
14010,7149,Atemajac de Brizuela,111
14012,4257,Atenguillo,47
14013,64746,Atotonilco el Alto,1704
14014,8721,Atoyac,128
14015,65556,Autlan de Navarro,1561
14016,40681,Ayotlan,169
14017,13379,Ayutla,93
14018,69931,La Barca,1086
14019,8193,Bolaños,62
14020,11100,Cabo Corrientes,39
14021,23230,Casimiro Castillo,428
14022,44108,Cihuatlan,942
14023,113944,Zapotlan el Grande,2872
14024,28567,Cocula,349
14025,19292,Colotlan,516
14026,6561,Concepcion de Buenos Aires,133
14027,19139,Cuautitlan de Garcia Barragan,92
14028,2302,Cuautla,20
14029,19373,Cuquio,188
14030,54828,Chapala,518
14031,3582,Chimaltitan,62
14032,6470,Chiquilistlan,39
8060,11572,Santa Barbara,193
8061,3381,Satevo,26
8062,34050,Saucillo,395
8063,7001,Temosachic,42
8064,1830,El Tule,19
8065,22257,Urique,187
8066,6630,Uruachi,31
8067,5651,Valle de Zaragoza,42
14033,22848,Degollado,58
14034,2058,Ejutla,29
14035,57255,Encarnacion de Diaz,511
14036,21176,Etzatlan,83
14037,26326,El Grullo,446
14038,4536,Guachinango,39
14039,1503505,Guadalajara,48296
14040,10988,Hostotipaquillo,33
9002,408441,Azcapotzalco,50134
9003,621952,Coyoacan,53020
9004,199809,Cuajimalpa de Morelos,17851
9005,1176967,Gustavo A. Madero,110938
9006,393821,Iztacalco,39160
9007,1815551,Iztapalapa,154324
9008,245147,La Magdalena Contreras,28339
14042,9449,Huejuquilla el Alto,89
14043,26051,La Huerta,397
14044,59970,Ixtlahuacan de los Membrillos,720
14045,20383,Ixtlahuacan del Rio,184
14046,36081,Jalostotitlan,117
14047,26504,Jamay,290
14048,20395,Jesus Maria,164
14049,10149,Jilotlan de los Dolores,77
9009,139371,Milpa Alta,20649
9010,755537,Alvaro Obregon,141690
9011,366586,Tlahuac,50927
9012,682234,Tlalpan,96888
9014,433708,Benito Juarez,33250
14052,6021,Juchitlan,32
14053,175696,Lagos de Moreno,3069
14054,5896,El Limon,43
14055,24117,Magdalena,156
14056,2224,Santa Maria del Oro,3
14057,4033,La Manzanilla de la Paz,79
14058,15635,Mascota,170
14059,14962,Mazamitla,171
14060,5470,Mexticacan,80
14061,20751,Mezquitic,90
14062,3772,Mixtlan,19
14063,106059,Ocotlan,2152
14064,34061,Ojuelos de Jalisco,551
14065,12017,Pihuamo,111
14066,55191,Poncitlan,628
12052,45121,San Luis Acatlan,315
9015,548606,Cuauhtemoc,50197
9016,379624,Miguel Hidalgo,32517
14067,299434,Puerto Vallarta,13369
14068,11662,Villa Purificacion,87
14069,8797,Quitupan,39
14070,200159,El Salto,3383
14071,3155,San Cristobal de la Barranca,40
14072,7699,San Diego de Alejandria,93
14073,74195,San Juan de los Lagos,993
14074,16999,San Julian,79
9017,433231,Venustiano Carranza,45951
10001,34749,Canatlan,974
10002,4816,Canelas,27
10029,2258,San Luis del Cordero,21
10030,1631,San Pedro del Gallo,10
10031,7509,Santa Clara,78
10032,51125,Santiago Papasquiaro,714
10036,24946,Tlahualilo,153
14075,4054,San Marcos,31
14076,3259,San Martin de Bolaños,19
14077,29493,San Martin Hidalgo,222
14078,35081,San Miguel el Alto,174
14079,15352,Gomez Farias,238
14080,5954,San Sebastian del Oeste,30
14081,3407,Santa Maria de los Angeles,31
14082,39384,Sayula,342
14083,85654,Tala,1663
14084,16034,Talpa de Allende,75
14085,41130,Tamazula de Gordiano,1051
14086,20647,Tapalpa,87
14087,17722,Tecalitlan,157
14088,18483,Tecolotlan,111
14089,3994,Techaluta de Montenegro,22
14090,7500,Tenamaxtlan,129
14091,44188,Teocaltiche,610
14092,11168,Teocuitatlan de Corona,48
14093,151133,Tepatitlan de Morelos,3239
14094,44789,Tequila,339
14095,10327,Teuchitlan,93
14096,22538,Tizapan el Alto,161
14097,644175,Tlajomulco de Zuñiga,9037
14098,708568,San Pedro Tlaquepaque,11371
14099,10926,Toliman,36
14100,37913,Tomatlan,282
14101,577668,Tonala,8372
14102,6417,Tonaya,38
14103,8426,Tonila,79
14104,4691,Totatiche,41
14105,24685,Tototlan,161
14106,4628,Tuxcacuesco,43
14107,6681,Tuxcueca,28
14108,37226,Tuxpan,298
10038,23279,Vicente Guerrero,432
10039,28862,Nuevo Ideal,946
11001,95581,Abasolo,913
11002,118967,Acambaro,4320
11003,183034,San Miguel de Allende,4593
11004,72209,Apaseo el Alto,2128
11005,99036,Apaseo el Grande,2713
11006,5559,Atarjea,101
11007,530820,Celaya,18545
11008,40608,Manuel Doblado,1244
12024,7807,Cualac,36
12025,16569,Cuautepec,91
12026,8951,Cuetzala del Progreso,57
12027,20384,Cutzamala de Pinzon,147
12028,133299,Chilapa de Alvarez,1546
12029,284330,Chilpancingo de los Bravo,13528
12030,21527,Florencio Villarreal,306
12031,5936,General Canuto A. Neri,14
12032,37840,General Heliodoro Castillo,483
12033,15763,Huamuxtitlan,180
12034,38696,Huitzuco de los Figueroa,436
12035,158141,Iguala de la Independencia,3281
12036,11614,Igualapa,280
12037,6451,Ixcateopan de Cuauhtemoc,117
12038,130796,Zihuatanejo de Azueta,4789
12039,25742,Juan R. Escudero,438
12040,26857,Leonardo Bravo,159
12041,28166,Malinaltepec,71
12042,19306,Martir de Cuilapan,110
12043,19095,Metlatonoc,26
12044,13196,Mochitlan,297
12045,26372,Olinala,71
12046,69853,Ometepec,1626
12047,7049,Pedro Ascencio Alquisiras,6
12048,45389,Petatlan,510
12049,13270,Pilcaya,66
12050,38809,Pungarabato,1050
12051,36981,Quechultenango,546
12065,7626,Tlalixtaquilla de Maldonado,125
12066,93574,Tlapa de Comonfort,1455
12067,22706,Tlapehuala,452
12068,26968,La Union de Isidoro Montes de Oca,242
12069,12255,Xalpatlahuac,31
12070,7398,Xochihuehuetlan,57
12080,7924,Juchitan,109
12081,11317,Iliatenco,7
13001,22119,Acatlan,208
13002,46234,Acaxochitlan,305
13003,61311,Actopan,1085
13004,9705,Agua Blanca de Iturbide,101
13005,19882,Ajacuba,432
13006,22078,Alfajayucan,222
13007,13135,Almoloya,224
13008,48036,Apan,1379
13009,20199,El Arenal,222
13010,32226,Atitalaquia,722
13011,21662,Atlapexco,126
13012,29469,Atotonilco el Grande,315
13013,41039,Atotonilco de Tula,1050
13014,18680,Calnali,168
13015,19853,Cardonal,236
13016,62361,Cuautepec de Hinojosa,781
13017,14659,Chapantongo,291
13065,12533,Tetepango,201
13066,13444,Villa de Tezontepec,137
13067,57003,Tezontepec de Aldama,883
13068,16044,Tianguistengo,91
14109,19231,Union de San Antonio,242
14110,14444,Union de Tula,156
14111,7487,Valle de Guadalupe,88
14112,5902,Valle de Juarez,38
14113,17376,San Gabriel,66
14114,19122,Villa Corona,272
14115,5882,Villa Guerrero,55
14116,21795,Villa Hidalgo,124
14117,4441,Cañadas de Obregon,34
14118,23957,Yahualica de Gonzalez Gallo,291
13069,137165,Tizayuca,4564
13070,20742,Tlahuelilpan,391
13073,42175,Tlanchinol,171
15014,107378,Atlacomulco,2063
15015,32674,Atlautla,293
15016,30040,Axapusco,394
15017,11081,Ayapango,63
15018,60309,Calimaya,682
15019,38196,Capulhuac,426
20440,858,Santa Maria Totolapilla,3
20441,9124,Santa Maria Xadani,19
13074,30727,Tlaxcoapan,748
13075,17698,Tolcayuca,421
13076,118824,Tula de Allende,3012
13077,169624,Tulancingo de Bravo,4779
13078,21234,Xochiatipan,30
13079,8289,Xochicoatlan,106
13080,26131,Yahualica,66
13081,37628,Zacualtipan de Angeles,500
13082,20402,Zapotlan de Juarez,404
13083,50540,Zempoala,1270
13084,42586,Zimapan,385
14001,23033,Acatic,182
14002,24131,Acatlan de Juarez,398
14003,24796,Ahualulco de Mercado,268
14004,5840,Amacueca,39
14005,16451,Amatitan,73
14125,20202,San Ignacio Cerro Gordo,108
15001,69520,Acambay de Ruiz Castañeda,722
15002,186256,Acolman,1935
15003,52173,Aculco,377
15004,15645,Almoloya de Alquisiras,113
15005,188124,Almoloya de Juarez,1234
15044,29179,Jaltenco,330
15045,94893,Jilotepec,1292
15046,20713,Jilotzingo,433
15047,79263,Jiquipilco,363
15048,70471,Jocotitlan,922
15049,14710,Joquicingo,145
15050,27241,Juchitepec,384
15006,12169,Almoloya del Rio,204
15007,25851,Amanalco,525
15008,28414,Amatepec,183
15009,54548,Amecameca,909
15010,31576,Apaxco,408
15011,70016,Atenco,972
15012,12511,Atizapan,1117
15020,310743,Coacalco de Berriozabal,8496
15052,29515,Malinalco,280
15022,15387,Cocotitlan,306
15023,44201,Coyotepec,722
15024,175004,Cuautitlan,6502
15025,397344,Chalco,16716
15026,30328,Chapa de Mota,125
15058,1135786,Nezahualcoyotl,40091
20086,980,San Agustin Tlacotepec,8
15027,12986,Chapultepec,185
15063,36629,Ocuilan,235
15064,39551,El Oro,393
15065,38186,Otumba,452
15066,4236,Otzoloapan,25
15067,90805,Otzolotepec,676
15068,31154,Ozumba,473
15069,4367,Papalotla,41
15070,309596,La Paz,6591
15071,15066,Polotitlan,76
15072,14608,Rayon,191
15073,31682,San Antonio la Isla,437
15074,139213,San Felipe del Progreso,735
15028,31803,Chiautla,273
15030,27570,Chiconcuac,263
15031,720207,Chimalhuacan,11711
15032,36158,Donato Guerra,194
15033,1707754,Ecatepec de Morelos,50231
15034,10090,Ecatzingo,83
15035,147326,Huehuetoca,2269
15036,46742,Hueypoxtla,338
15037,290231,Huixquilucan,7030
15038,12512,Isidro Fabela,145
15039,551034,Ixtapaluca,12337
15040,38288,Ixtapan de la Sal,588
15041,7283,Ixtapan del Oro,27
15042,163284,Ixtlahuaca,1520
15043,32120,Xalatlaco,337
15116,4358,Zacazonapan,26
15117,16080,Zacualpan,50
15118,201988,Zinacantepec,2271
15119,17962,Zumpahuacan,126
15120,217166,Zumpango,4125
15121,577190,Cuautitlan Izcalli,10276
26011,1736,Bacoachi,56
26012,24900,Bacum,554
15053,61172,Melchor Ocampo,1060
15054,246055,Metepec,5021
15055,13744,Mexicaltzingo,191
15056,31832,Morelos,254
15057,910187,Naucalpan de Juarez,28109
15059,43640,Nextlalpan,464
15060,441064,Nicolas Romero,9854
15061,9753,Nopaltepec,155
15062,71711,Ocoyoacac,943
15076,80903,San Mateo Atenco,2393
15077,6556,San Simon de Guerrero,71
15078,10262,Santo Tomas,97
15079,14339,Soyaniquilpan de Juarez,70
15080,28198,Sultepec,101
15081,500585,Tecamac,9977
15082,79795,Tejupilco,1687
26014,3676,Baviacora,164
15125,10960,Tonanitla,110
15098,5711,Texcalyacac,66
15099,262015,Texcoco,5198
16009,38656,Ario,1012
16010,22819,Arteaga,216
16011,11960,Briseñas,64
16012,49450,Buenavista,337
16013,9652,Caracuaro,78
16014,15155,Coahuayana,73
15083,13690,Temamatla,345
15084,41685,Temascalapa,429
15085,67308,Temascalcingo,585
15086,34348,Temascaltepec,219
15087,109436,Temoaya,649
15088,105306,Tenancingo,1435
15089,13344,Tenango del Aire,224
15090,92048,Tenango del Valle,1214
16001,12019,Acuitzio,86
16002,15307,Aguililla,24
15091,69466,Teoloyucan,1091
15092,60992,Teotihuacan,1172
15093,33108,Tepetlaoxtoc,202
15094,21137,Tepetlixpa,234
15095,104335,Tepotzotlan,1006
15096,39658,Tequixquiac,339
15097,20149,Texcaltitlan,170
16003,22905,Alvaro Obregon,242
16004,15851,Angamacutiro,158
15100,46527,Tezoyuca,838
15101,82457,Tianguistenco,909
15102,16819,Timilpan,124
15103,51370,Tlalmanalco,1325
15104,756537,Tlalnepantla de Baz,25533
15105,37531,Tlatlaya,109
15106,948950,Toluca,21126
15107,13559,Tonatico,122
15108,160943,Tultepec,3013
15109,556493,Tultitlan,11855
15110,70192,Valle de Bravo,1014
15111,54849,Villa de Allende,161
15112,50614,Villa del Carbon,286
15113,71710,Villa Guerrero,325
15114,110462,Villa Victoria,502
15122,419700,Valle de Chalco Solidaridad,7378
15123,29784,Luvianos,205
15124,98957,San Jose del Rincon,454
16006,133955,Apatzingan,2179
16032,16105,Erongaricuaro,91
16033,23887,Gabriel Zamora,146
16034,129114,Hidalgo,1178
16035,35584,La Huacana,330
16036,12489,Huandacareo,135
16037,8412,Huaniqueo,63
16038,42622,Huetamo,1124
16039,9250,Huiramba,39
16007,3432,Aporo,51
16008,26147,Aquila,122
16023,10785,Chavinda,25
16024,20016,Cheran,103
16025,41138,Chilchota,256
16026,5016,Chinicuila,38
16027,4567,Chucandiro,21
16028,5345,Churintzio,65
16029,15902,Churumuco,24
16030,13168,Ecuandureo,61
16054,7866,Morelos,33
16055,47864,Mugica,747
16056,29906,Nahuatzen,107
16057,8501,Nocupetaro,80
16058,20844,Nuevo Parangaricutiro,79
17005,10479,Coatlan del Rio,196
17006,208227,Cuautla,5900
17007,399426,Cuernavaca,14643
17008,106645,Emiliano Zapata,1888
26015,1629,Bavispe,9
26016,5580,Benjamin Hill,72
17023,7714,Tlalnepantla,134
17026,19129,Tlayacapan,386
20053,1302,Magdalena Tlacotepec,25
26017,92177,Caborca,4633
26018,468994,Cajeme,19668
17027,12802,Totolapan,201
17028,74691,Xochitepec,1463
17029,109914,Yautepec,2546
17030,56334,Yecapixtla,917
17031,39137,Zacatepec,1495
17032,10182,Zacualpan,243
17033,16954,Temoac,156
18001,40422,Acaponeta,937
19001,2918,Abasolo,39
19006,665734,Apodaca,21233
19007,17800,Aramberri,363
19008,4384,Bustamante,135
19029,7746,Hualahuises,135
19010,47326,El Carmen,1424
19016,3294,Doctor Gonzalez,93
19017,44989,Galeana,784
19018,300745,Garcia,8520
19019,137614,San Pedro Garza Garcia,2504
19020,6127,General Bravo,230
19021,466325,General Escobedo,11958
19022,16283,General Teran,396
19023,1194,General Treviño,75
20021,16254,Cosolapa,82
20054,427,Magdalena Zahuatlan,2
20055,3682,Mariscala de Juarez,21
19030,3979,Iturbide,33
19035,1071,Melchor Ocampo,72
20027,2418,Chiquihuitlan de Benito Juarez,5
19036,7601,Mier y Noriega,116
19040,1083,Paras,18
19041,112583,Pesqueria,2523
19042,5201,Los Ramones,92
20056,1497,Martires de Tacubaya,5
20057,40690,Matias Romero Avendaño,367
19043,2987,Rayones,55
19044,39096,Sabinas Hidalgo,2995
19045,61868,Salinas Victoria,2052
19046,474163,San Nicolas de los Garza,15600
20063,4234,Nazareno Etla,154
20064,7729,Nejapa de Madero,51
19047,15902,Hidalgo,455
20001,1033,Abejones,20
20089,2199,San Andres Dinicuiti,19
20003,2176,Asuncion Cacalotepec,5
20030,9121,El Espinal,198
20004,1029,Asuncion Cuyotepeji,12
20007,2496,Asuncion Ocotlan,18
20011,1197,Calihuala,12
20033,2822,Guadalupe Etla,102
20013,3096,Cienega de Zimatlan,32
20014,30368,Ciudad Ixtepec,1448
20016,10372,Coicoyan de las Flores,6
20017,3399,La Compañia,8
20091,5655,San Andres Huayapam,383
20019,3078,Concepcion Papalo,6
20020,4086,Constancia del Rosario,27
20022,790,Cosoltepec,10
20023,22761,Cuilapam de Guerrero,720
20024,3804,Cuyamecalco Villa de Zaragoza,10
20025,12034,Chahuites,45
20112,2610,San Baltazar Chichicapam,33
20026,9427,Chalcatongo de Hidalgo,139
20281,312,San Miguel Tecomatlan,1
20029,4443,Eloxochitlan de Flores Magon,0
20196,435,San Juan Evangelista Analco,5
20032,1060,Fresnillo de Trujano,8
20117,2423,San Bartolome Loxicha,3
20034,1325,Guadalupe de Ramirez,5
20035,570,Guelatao de Juarez,16
20075,2896,Reforma de Pineda,7
20037,4554,Mesones Hidalgo,14
20118,2541,San Bartolome Quialana,13
20038,2021,Villa Hidalgo,5
20040,6449,Huautepec,7
20045,9300,Magdalena Apasco,389
20047,95,Santa Magdalena Jicotlan,9
20046,3311,Magdalena Jaltepec,14
20048,1401,Magdalena Mixtepec,2
20052,6361,Magdalena Tequisistlan,283
20058,13516,Mazatlan Villa de Flores,18
20060,2713,Mixistlan de la Reforma,5
20061,2846,Monjas,19
20062,626,Natividad,4
20065,1184,Ixpantepec Nieves,8
20066,5572,Santiago Niltepec,32
20067,258636,Oaxaca de Juarez,20978
20069,2745,La Pe,5
20070,7201,Pinotepa de Don Luis,47
20071,2996,Pluma Hidalgo,12
20092,1666,San Andres Ixtlahuaca,38
20072,7071,San Jose del Progreso,178
20074,554,Santa Catarina Quioquitani,1
20076,3324,La Reforma,9
20078,1160,Rojas de Cuauhtemoc,26
20099,525,San Andres Tepetlapa,3
20077,4087,Reyes Etla,136
20197,3405,San Juan Guelavia,22
20079,92577,Salina Cruz,2737
20081,1800,San Agustin Atenango,9
20080,1475,San Agustin Amatengo,6
20084,4278,San Agustin Etla,222
20082,4096,San Agustin Chayuco,10
20083,10151,San Agustin de las Juntas,447
20087,4610,San Agustin Yatareni,173
20090,6381,San Andres Huaxpaltepec,25
20088,2867,San Andres Cabecera Nueva,3
20094,1814,San Andres Nuxiño,5
20100,462,San Andres Yaa,0
20101,735,San Andres Zabache,0
20095,4502,San Andres Paxtlan,9
20096,778,San Andres Sinaxtla,8
20097,1779,San Andres Solaga,2
20102,4838,San Andres Zautla,106
20103,6330,San Antonino Castillo Velasco,135
20204,673,San Juan Lajarcia,2
20105,7456,San Antonino Monte Verde,6
20106,269,San Antonio Acutla,1
20107,25602,San Antonio de la Cal,1059
20108,4563,San Antonio Huitepec,15
20206,2497,San Juan de los Cues,12
20109,1279,San Antonio Nanahuatipam,5
20110,1631,San Antonio Sinicahua,0
20111,4460,San Antonio Tepetlapa,7
20114,678,San Baltazar Yatzachi el Bajo,1
20131,11119,San Dionisio Ocotepec,40
20115,10186,San Bartolo Coyotepec,498
20116,4660,San Bartolome Ayautla,5
20119,391,San Bartolome Yucuañe,0
20120,316,San Bartolome Zoogocho,1
20452,4108,Santiago Apostol,39
20121,674,San Bartolo Soyaltepec,3
20122,678,San Bartolo Yautepec,8
20123,2790,San Bernardo Mixtepec,12
20124,18929,San Blas Atempa,168
20125,12562,San Carlos Yautepec,29
20199,642,San Juan Ihualtepec,1
20139,2140,San Francisco Chapulapa,4
20135,8185,San Felipe Tejalapam,139
20126,5419,San Cristobal Amatlan,9
20127,1147,San Cristobal Amoltepec,1
20153,5087,San Gabriel Mixtepec,27
20172,417,San Juan Achiutla,3
20128,1300,San Cristobal Lachirioag,1
20129,375,San Cristobal Suchixtlahuaca,2
20130,5370,San Dionisio del Mar,12
20132,1200,San Dionisio Ocotlan,47
20160,1414,San Jeronimo Silacayoapilla,11
20133,3894,San Esteban Atatlahuca,19
20134,29048,San Felipe Jalapa de Diaz,55
20136,12029,San Felipe Usila,13
20174,4207,Animas Trujano,202
20137,3509,San Francisco Cahuacua,9
20138,446,San Francisco Cajonos,1
20140,841,San Francisco Chindua,3
20176,2758,San Juan Bautista Coixtlahuaca,35
20142,1110,San Francisco Huehuetlan,0
20143,9296,San Francisco Ixhuatan,48
20144,1024,San Francisco Jaltepetongo,3
20145,4546,San Francisco Lachigolo,148
20146,3026,San Francisco Logueche,4
20223,483,San Juan Yatzona,0
20148,1973,San Francisco Ozolotepec,4
20150,13482,San Francisco Telixtlahuaca,246
20151,345,San Francisco Teopan,0
20154,2575,San Ildefonso Amatlan,12
20157,18293,San Jacinto Amilpas,958
20178,7863,San Juan Bautista Guelache,173
20158,2260,San Jacinto Tlacotepec,26
20162,2002,San Jeronimo Taviche,8
20179,1550,San Juan Bautista Jayacatlan,2
20249,3758,San Mateo Yoloxochitlan,9
20163,1669,San Jeronimo Tecoatl,7
20165,1594,San Jose Ayuquila,9
20187,2176,San Juan Coatzospam,2
20166,12573,San Jose Chiltepec,79
20167,2205,San Jose del Peñasco,6
20168,1092,San Jose Estancia Grande,3
20263,3416,San Miguel Coatlan,7
20264,2223,San Miguel Chicahua,1
20169,3825,San Jose Independencia,1
20267,277,San Miguel del Rio,0
20170,3620,San Jose Lachiguiri,3
20171,18952,San Jose Tenango,20
20173,1540,San Juan Atepec,29
20180,2653,San Juan Bautista Lo de Soto,5
20188,10329,San Juan Colorado,15
20181,458,San Juan Bautista Suchitepec,0
20191,344,San Juan Chicomezuchil,0
20182,2248,San Juan Bautista Tlacoatzintepec,1
20192,1585,San Juan Chilateca,32
20183,1440,San Juan Bautista Tlachichilco,8
20189,2937,San Juan Comaltepec,6
20193,2769,San Juan del Estado,79
20194,1318,San Juan del Rio,15
20195,1111,San Juan Diuxi,1
20210,6153,San Juan Ñumi,14
20219,2705,San Juan Teitipac,34
20220,2743,San Juan Tepeuxila,2
20200,3973,San Juan Juquila Mixes,7
20201,2022,San Juan Juquila Vijanos,1
20203,3432,San Juan Lachigalla,5
20208,7118,San Juan Mixtepec Distrito 08,19
20215,839,San Juan Sayultepec,2
20209,701,San Juan Mixtepec Distrito 26,3
20514,1058,Santo Domingo Roayaga,0
20216,1381,San Juan Tabaa,3
20218,633,San Juan Teita,1
20516,5172,Santo Domingo Teojomulco,20
20517,5871,Santo Domingo Tepuxtepec,11
20221,1295,San Juan Teposcolula,4
20524,312,Santo Domingo Yodohino,2
20525,12641,Santo Domingo Zanatepec,26
20222,1562,San Juan Yaee,1
20233,1795,San Lucas Quiavini,12
20224,615,San Juan Yucuita,2
20239,1089,San Martin Huamelulpam,6
20242,12556,San Martin Peras,25
20225,6357,San Lorenzo,3
20244,3973,San Martin Toxpalan,24
20226,2875,San Lorenzo Albarradas,14
20456,1674,Santiago Cacaloxtepec,18
20227,16630,San Lorenzo Cacaotepec,640
20228,843,San Lorenzo Cuaunecuiltitla,0
20231,3131,San Lucas Camotlan,19
20234,7710,San Lucas Zoquiapam,2
20235,3777,San Luis Amatlan,15
20236,1558,San Marcial Ozolotepec,1
20237,1402,San Marcos Arteaga,11
20238,890,San Martin de los Cansecos,5
20240,2320,San Martin Itunyoso,6
20241,1115,San Martin Lachila,10
20243,1885,San Martin Tilcajete,32
20245,1322,San Martin Zacatepec,3
20246,648,San Mateo Cajonos,13
20248,15771,San Mateo del Mar,83
20250,1182,San Mateo Etlatongo,5
20251,1183,San Mateo Nejapam,11
20247,1622,Capulalpam de Mendez,36
20270,1157,San Miguel Huautla,6
20255,2106,San Mateo Sindihui,4
20252,2216,San Mateo Peñasco,7
20253,1962,San Mateo Piñas,5
20254,3252,San Mateo Rio Hondo,20
20276,730,San Miguel Santa Flor,1
20256,234,San Mateo Tlapiltepec,4
20258,775,San Miguel Achiutla,16
20257,1068,San Melchor Betaza,4
20259,2485,San Miguel Ahuehuetitlan,7
20260,2291,San Miguel Aloapam,2
20262,1021,San Miguel Amatlan,6
20284,3219,San Miguel Tilquiapam,7
20265,7117,San Miguel Chimalapa,36
20266,8607,San Miguel del Puerto,51
20268,1032,San Miguel Ejutla,11
20269,4389,San Miguel el Grande,66
20271,3321,San Miguel Mixtepec,17
20274,1334,San Miguel Piedras,0
20280,2368,Villa Talea de Castro,18
20282,749,San Miguel Tenango,1
20283,1054,San Miguel Tequixtepec,7
20547,986,Teotongo,19
20285,3785,San Miguel Tlacamama,15
20548,1700,Tepelmeme Villa de Morelos,34
20388,2487,Santa Ines del Monte,5
20286,3254,San Miguel Tlacotepec,25
20287,319,San Miguel Tulancingo,11
20288,625,San Miguel Yotao,1
20462,4321,Santiago Huajolotitlan,80
20289,1191,San Nicolas,9
20292,1448,San Pablo Cuatro Venados,8
20295,9784,San Pablo Huixtepec,149
20293,19200,San Pablo Etla,777
20294,7435,San Pablo Huitzo,214
20296,925,San Pablo Macuiltianguis,30
20297,2477,San Pablo Tijaltepec,5
20299,1110,San Pablo Yaganiza,2
20298,13199,San Pablo Villa de Mitla,174
20300,7006,San Pedro Amuzgos,39
20303,1140,San Pedro Cajonos,8
20301,1594,San Pedro Apostol,37
20302,4608,San Pedro Atoyac,7
20304,771,San Pedro Coxcaltepec Cantaros,11
20305,4437,San Pedro Comitancillo,96
20331,928,San Pedro Tidaa,0
20307,10259,San Pedro Huamelula,94
20308,3271,San Pedro Huilotepec,39
20332,375,San Pedro Topiltepec,0
20310,9333,San Pedro Ixtlahuaca,316
20311,570,San Pedro Jaltepetongo,0
20333,2738,San Pedro Totolapam,68
20312,12760,San Pedro Jicayan,22
20313,803,San Pedro Jocotipac,0
20314,1668,San Pedro Juchatengo,2
20555,3093,Trinidad Zaachila,65
20315,1727,San Pedro Martir,24
20316,727,San Pedro Martir Quiechapa,5
20556,259,La Trinidad Vista Hermosa,3
20317,1299,San Pedro Martir Yucuxaco,0
20362,1510,Santa Catarina Cuixtla,15
20319,1110,San Pedro Mixtepec Distrito 26,5
20320,702,San Pedro Molinos,11
20321,750,San Pedro Nopala,3
20322,847,San Pedro Ocopetatillo,0
20323,2203,San Pedro Ocotepec,2
20325,11353,San Pedro Quiatoni,36
20342,3710,San Raymundo Jalpan,121
20326,5245,San Pedro Sochiapam,10
20327,15367,San Pedro Tapanatepec,135
20328,1251,San Pedro Taviche,1
20329,1279,San Pedro Teozacoalco,1
20330,4422,San Pedro Teutila,67
20335,960,San Pedro Yaneri,1
20367,4677,Santa Catarina Mechoacan,11
20336,1819,San Pedro Yolox,10
20368,2017,Santa Catarina Minas,35
20338,11426,Villa de Etla,507
20339,4295,San Pedro y San Pablo Teposcolula,51
20343,1988,San Sebastian Abasolo,70
20346,1500,San Sebastian Nicananduta,6
20344,2802,San Sebastian Coatlan,11
20345,4222,San Sebastian Ixcapa,12
20356,2148,Santa Ana del Valle,11
20357,837,Santa Ana Tavela,0
20347,3783,San Sebastian Rio Hondo,6
20348,8531,San Sebastian Tecomaxtlahuaca,49
26023,6755,Cumpas,106
20349,2036,San Sebastian Teitipac,22
20360,3913,Santa Ana Zegache,46
20350,19272,San Sebastian Tutla,1109
20351,2866,San Simon Almolongas,10
20540,8024,Villa de Tamazulapam del Progreso,125
20352,4367,San Simon Zahuatlan,6
20353,2259,Santa Ana,9
20354,532,Santa Ana Ateixtlahuaca,0
20355,740,Santa Ana Cuauhtemoc,0
20358,2060,Santa Ana Tlapacoyan,10
20359,923,Santa Ana Yareni,3
20361,943,Santa Catalina Quieri,1
20363,2719,Santa Catarina Ixtepeji,31
20369,2006,Santa Catarina Quiane,36
20365,1140,Santa Catarina Lachatao,3
20370,681,Santa Catarina Tayata,3
20376,377,Santa Cruz de Bravo,0
20372,1741,Santa Catarina Yosonotu,3
20373,384,Santa Catarina Zapoquila,0
20374,1625,Santa Cruz Acatepec,2
20375,13683,Santa Cruz Amilpas,760
20379,3063,Santa Cruz Nundaco,6
20380,2233,Santa Cruz Papalutla,64
20381,2788,Santa Cruz Tacache de Mina,28
20382,1151,Santa Cruz Tacahua,4
20383,624,Santa Cruz Tayata,0
20403,3255,Santa Maria Coyotepec,156
20387,2944,Santa Gertrudis,40
20384,4969,Santa Cruz Xitla,22
20390,52119,Santa Lucia del Camino,3401
20391,3548,Santa Lucia Miahuatlan,5
20408,514,Santa Maria del Rosario,2
20392,6679,Santa Lucia Monteverde,9
20393,3985,Santa Lucia Ocotlan,35
20395,1783,Santa Maria Apazco,4
20396,3384,Santa Maria la Asuncion,1
20418,13616,Santa Maria Jalapa del Marques,156
20398,4436,Ayoquezco de Aldama,38
20399,37206,Santa Maria Atzompa,1652
20400,1683,Santa Maria Camotlan,24
20402,1104,Santa Maria Cortijo,2
20419,537,Santa Maria Jaltianguis,3
20404,769,Santa Maria Chachoapam,4
20405,2213,Villa de Chilapa de Diaz,19
20432,957,Santa Maria Temaxcalapa,9
20409,9409,Santa Maria del Tule,610
20411,855,Santa Maria Guelace,9
20436,1028,Santa Maria Texcatitlan,0
20437,9632,Santa Maria Tlahuitoltepec,50
20412,3277,Santa Maria Guienagati,10
20414,11850,Santa Maria Huazolotitlan,35
20415,5145,Santa Maria Ipalapa,12
20416,508,Santa Maria Ixcatlan,1
20420,2010,Santa Maria Lachixio,7
20421,4837,Santa Maria Mixtequilla,82
20422,623,Santa Maria Nativitas,4
20423,509,Santa Maria Nduayaco,0
20425,2202,Santa Maria Papalo,3
20518,142,Santo Domingo Tlatayapam,2
20428,1997,Santa Maria Quiegolani,10
20429,1519,Santa Maria Sola,6
20430,386,Santa Maria Tataltepec,0
21058,20984,Chilchotla,35
20431,1744,Santa Maria Tecomavaca,15
22002,28189,Pinal de Amoles,358
20433,2687,Santa Maria Temaxcaltepec,2
20438,1760,Santa Maria Tlalixtac,1
24034,15504,San Vicente Tancuayalab,257
20434,4419,Santa Maria Teopoxco,5
24041,20596,Tanlajas,329
20439,26383,Santa Maria Tonameca,188
21200,3624,Xochiapulco,6
20442,288,Santa Maria Yalina,0
20444,426,Santa Maria Yolotepec,0
25016,22273,San Ignacio,293
20443,510,Santa Maria Yavesia,2
20445,1699,Santa Maria Yosoyua,6
20446,6475,Santa Maria Yucuhiti,9
20448,2286,Santa Maria Zaniza,0
20449,3128,Santa Maria Zoquitlan,13
20451,928,Santiago Apoala,1
20453,4113,Santiago Astata,47
20463,545,Santiago Huauclilla,2
20454,3128,Santiago Atitlan,2
20464,373,Santiago Ihuitlan Plumas,0
20455,2803,Santiago Ayuquililla,19
20458,990,Santiago Comaltepec,2
20461,560,Santiago del Rio,4
20465,1675,Santiago Ixcuintepec,2
20468,14474,Santiago Jocotepec,12
20469,37344,Santiago Juxtlahuaca,292
20471,517,Santiago Lalopa,0
20472,3524,Santiago Laollaga,55
20486,2557,Villa Tejupam de la Union,31
20473,1357,Santiago Laxopa,1
20474,3398,Santiago Llano Grande,20
20475,10252,Santiago Matatlan,75
20476,425,Santiago Miltepec,1
20493,562,Santiago Tillo,3
20478,1820,Santiago Nacaltepec,1
20480,945,Santiago Nundiche,1
20482,55235,Santiago Pinotepa Nacional,636
20483,10950,Santiago Suchilquitongo,243
20497,4470,Santiago Yaitepec,11
20485,3182,Santiago Tapextla,6
20487,2116,Santiago Tenango,9
20488,127,Santiago Tepetlapa,2
20502,5472,Santiago Zacatepec,7
20489,5087,Santiago Tetepec,12
20490,3214,Santiago Texcalcingo,3
20503,402,Santiago Zoochila,1
20491,4566,Santiago Textitlan,5
20494,4904,Santiago Tlazoyaltepec,18
20496,2153,Santiago Xiacui,12
20499,2211,Santiago Yolomecatl,41
20504,1687,Nuevo Zoquiapam,2
20501,946,Santiago Yucuyachi,6
20505,8300,Santo Domingo Ingenio,357
20506,796,Santo Domingo Albarradas,3
20507,3525,Santo Domingo Armenta,7
20508,1574,Santo Domingo Chihuitan,43
20509,11529,Santo Domingo de Morelos,6
20510,685,Santo Domingo Ixcatlan,11
20511,3343,Santo Domingo Nuxaa,5
20512,850,Santo Domingo Ozolotepec,7
20519,3079,Santo Domingo Tomaltepec,87
20541,1702,Tanetze de Zaragoza,2
20520,7210,Santo Domingo Tonala,54
20521,251,Santo Domingo Tonaltepec,3
20522,1203,Santo Domingo Xagacia,0
20523,1618,Santo Domingo Yanhuitlan,19
20527,2741,Santos Reyes Papalo,2
20528,1023,Santos Reyes Tepejillo,9
20529,1352,Santos Reyes Yucuna,2
20535,2938,San Vicente Lachixio,6
20530,3724,Santo Tomas Jalieza,42
20531,2745,Santo Tomas Mazaltepec,31
20536,447,San Vicente Nuñu,6
20532,3927,Santo Tomas Ocotepec,7
20537,6872,Silacayoapam,48
20538,715,Sitio de Xitlapehua,8
20533,2329,Santo Tomas Tamazulapan,25
20539,5930,Soledad Etla,219
20534,4062,San Vicente Coatlan,38
20542,833,Taniche,7
20544,981,Teococuilco de Marcos Perez,6
20546,6082,Teotitlan del Valle,69
20545,10338,Teotitlan de Flores Magon,143
20550,5745,San Jeronimo Tlacochahuaya,158
20558,1464,Valerio Trujano,32
20551,24027,Tlacolula de Matamoros,997
20552,466,Tlacotepec Plumas,4
20553,10912,Tlalixtac de Cabrera,460
20561,2935,Yaxe,8
20562,1601,Magdalena Yodocono de Porfirio Diaz,7
20554,5577,Totontepec Villa de Morelos,15
20568,1494,Zapotitlan Palmas,16
20557,16061,Union Hidalgo,170
20559,23370,San Juan Bautista Valle Nacional,97
20560,6980,Villa Diaz Ordaz,29
20563,1290,Yogana,8
20569,1672,Santa Ines de Zaragoza,5
20570,20892,Zimatlan de Alvarez,435
21001,69076,Acajete,294
21002,9700,Acateno,32
21003,37718,Acatlan,490
21004,62477,Acatzingo,226
21005,3132,Acteopan,9
21006,16753,Ahuacatlan,25
21007,3428,Ahuatlan,15
21008,12082,Ahuazotepec,42
21009,1893,Ahuehuetitla,15
21010,70090,Ajalpan,147
21011,1907,Albino Zertuche,19
21012,6920,Aljojuca,26
21013,22578,Altepexi,64
21014,5245,Amixtlan,14
21015,125961,Amozoc,854
21016,9196,Aquixtla,41
20564,1200,Yutanduchi de Guerrero,1
20565,46846,Villa de Zaachila,1406
20566,3159,San Mateo Yucutindoo,4
21059,2408,Chinantla,18
21060,7936,Domingo Arenas,27
21061,13471,Eloxochitlan,10
21062,5100,Epatlan,33
21063,15794,Esperanza,55
21064,17984,Francisco Z. Mena,37
21065,21893,General Felipe Angeles,27
21066,6121,Guadalupe,56
21067,18052,Guadalupe Victoria,75
21068,8157,Hermenegildo Galeana,13
21069,26310,Huaquechula,135
21070,6848,Huatlatlauca,27
20567,3268,Zapotitlan Lagunas,9
21073,8989,Huehuetlan el Chico,110
21074,78403,Huejotzingo,1314
21075,13559,Hueyapan,34
21076,27794,Hueytamalco,125
21077,5785,Hueytlalpan,16
21078,15926,Huitzilan de Serdan,38
21079,5807,Huitziltepec,20
21020,7418,Atoyatempan,32
21021,1390,Atzala,12
26038,5400,Moctezuma,166
21028,2789,Camocuautla,4
21029,3932,Caxhuacan,16
21030,795,Coatepec,8
21034,43151,Coronango,421
26039,6756,Naco,52
21038,10686,Cuapiaxtla de Madero,41
21039,9886,Cuautempan,14
21040,10918,Cuautinchan,33
21041,126781,Cuautlancingo,1815
21042,3296,Cuayuca de Andrade,16
21043,51238,Cuetzalan del Progreso,123
21044,16688,Cuyoaco,79
21045,50167,Chalchicomula de Sesma,374
21046,8254,Chapulco,30
21047,21127,Chiautla,387
21048,21492,Chiautzingo,186
21049,17625,Chiconcuautla,35
21050,27408,Chichiquila,47
21051,36514,Chietla,459
21052,1259,Chigmecatitlan,0
21053,66338,Chignahuapan,807
21054,36244,Chignautla,294
21055,4862,Chila,18
21056,1498,Chila de la Sal,11
21057,8363,Honey,9
21080,2817,Atlequizayan,4
21084,7501,Ixtepec,15
21085,82453,Izucar de Matamoros,1317
21086,12830,Jalpan,51
21087,13814,Jolalpan,34
21088,4833,Jonotla,15
21089,13788,Jopala,32
21090,22555,Juan C. Bonilla,258
26041,14231,Nacozari de Garcia,486
21091,11422,Juan Galindo,117
26042,177079,Navojoa,5871
21095,594,La Magdalena Tlatlauquitepec,9
30092,40406,Xico,208
21097,2501,Mixtla,7
21099,20442,Cañada Morelos,31
21100,10494,Naupan,35
21101,3644,Nauzontla,13
21102,13190,Nealtican,50
21103,6672,Nicolas Bravo,26
21104,33027,Nopalucan,123
21105,5066,Ocotepec,22
21106,29976,Ocoyucan,239
21107,12372,Olintla,10
21108,19352,Oriental,142
21109,23302,Pahuatlan,70
21110,48935,Palmar de Bravo,171
21111,19514,Pantepec,48
21112,10239,Petlalcingo,45
21113,4631,Piaxtla,47
21114,1698509,Puebla,78738
21115,54012,Quecholac,140
21116,23329,Quimixtlan,24
26031,1411,Huachinera,8
30176,5182,Tlacojalpan,33
21117,14754,Rafael Lara Grajales,169
21125,9608,San Gregorio Atzompa,98
21131,939,San Juan Atzompa,5
21132,162438,San Martin Texmelucan,3140
26048,72279,Puerto Peñasco,1215
26049,3120,Quiriego,74
29047,3282,Lazaro Cardenas,61
29048,19967,La Magdalena Tlaltelulco,267
21118,29171,Los Reyes de Juarez,79
21124,16701,San Gabriel Chilac,45
21201,3496,Xochiltepec,14
21202,13403,Xochitlan de Vicente Suarez,19
21203,6819,Xochitlan Todos Santos,17
21204,8478,Yaonahuac,40
21205,26450,Yehualtepec,75
21206,4666,Zacapala,27
21207,58800,Zacapoaxtla,472
21208,87692,Zacatlan,821
21209,8979,Zapotitlan,47
21210,5936,Zapotitlan de Mendez,17
21211,17284,Zaragoza,124
21212,20226,Zautla,52
21213,14075,Zihuateutla,51
21133,674,San Martin Totoltepec,8
21134,21644,San Matias Tlalancaleca,158
21135,537,San Miguel Ixitlan,4
21136,13310,San Miguel Xoxtla,128
21137,10491,San Nicolas Buenos Aires,44
21138,12430,San Nicolas de los Ranchos,61
21139,3778,San Pablo Anicano,19
21140,139635,San Pedro Cholula,2635
21141,3520,San Pedro Yeloixtlahuaca,33
21142,32230,San Salvador el Seco,303
21143,33443,San Salvador el Verde,337
22001,68441,Amealco de Bonfil,658
21144,15860,San Salvador Huixcolotla,83
22004,76829,Cadereyta de Montes,1637
22005,69112,Colon,952
22006,208076,Corregidora,6376
22007,45877,Ezequiel Montes,799
22008,42305,Huimilpan,318
22009,29625,Jalpan de Serra,1601
22010,20313,Landa de Matamoros,257
22011,178672,El Marques,5609
22012,76411,Pedro Escobedo,2092
22013,21988,Peñamiller,234
22014,976939,Queretaro,65879
22015,10323,San Joaquin,313
22016,301541,San Juan del Rio,9392
22017,78742,Tequisquiapan,1098
22018,31465,Toliman,489
23001,101106,Cozumel,2146
23002,93104,Felipe Carrillo Puerto,1147
23003,23070,Isla Mujeres,437
23004,265298,Othon P. Blanco,10525
23005,844698,Benito Juarez,31578
21151,9100,Santo Tomas Hueyotlipan,48
21152,13062,Soltepec,66
21153,23518,Tecali de Herrera,196
21154,81930,Tecamachalco,802
21155,6052,Tecomatlan,191
21156,339077,Tehuacan,5757
21157,11865,Tehuitzingo,101
21158,7527,Tenampulco,22
21159,3938,Teopantlan,17
21160,3336,Teotlalco,27
21161,21821,Tepanco de Lopez,185
21162,4349,Tepango de Rodriguez,6
21163,18470,Tepatlaxco de Hidalgo,80
21164,85594,Tepeaca,752
21165,1158,Tepemaxalco,8
21166,9003,Tepeojuma,79
21167,12058,Tepetzintla,11
21168,7196,Tepexco,40
21169,22408,Tepexi de Rodriguez,254
21170,18007,Tepeyahualco,53
24023,16295,Rayon,574
24024,98982,Rioverde,4560
24025,33222,Salinas,336
24026,9765,San Antonio,91
24027,10793,San Ciro de Acosta,253
24028,870578,San Luis Potosi,54305
24029,22089,San Martin Chalchicuautla,392
24030,5396,San Nicolas Tolentino,46
24031,12287,Santa Catarina,115
24032,41789,Santa Maria del Rio,941
24033,12592,Santo Domingo,119
21171,3794,Tepeyahualco de Cuauhtemoc,14
21172,29767,Tetela de Ocampo,111
21173,6283,Teteles de Avila Castillo,49
21174,104906,Teziutlan,3018
21175,13396,Tianguismanalco,50
21176,9094,Tilapa,94
21177,55208,Tlacotepec de Benito Juarez,118
21178,17687,Tlacuilotepec,47
21179,30963,Tlachichuca,218
21180,42437,Tlahuapan,216
21181,7485,Tlaltenango,56
24035,328949,Soledad de Graciano Sanchez,7137
24036,31591,Tamasopo,414
24037,100187,Tamazunchale,4000
24038,16172,Tampacan,305
24039,16069,Tampamolon Corona,240
24040,40732,Tamuin,1273
21182,5299,Tlanepantla,39
21183,21336,Tlaola,63
21184,6860,Tlapacoya,20
21185,8960,Tlapanala,43
21186,57203,Tlatlauquitepec,307
21187,5665,Tlaxco,21
21188,18990,Tochimilco,58
21189,22451,Tochtepec,112
21190,1283,Totoltepec de Guerrero,3
21191,9993,Tulcingo,163
21192,6767,Tuzamapan de Galeana,14
21193,7427,Tzicatlacoyan,15
21194,31183,Venustiano Carranza,218
21195,25910,Vicente Guerrero,17
21196,1665,Xayacatlan de Bravo,14
21197,86069,Xicotepec,730
21198,1276,Xicotlan,9
21199,42668,Xiutetelco,189
21214,18089,Zinacatepec,59
21215,5240,Zongozotla,3
21216,2583,Zoquiapan,3
21217,19699,Zoquitlan,15
23006,42799,Jose Maria Morelos,500
23010,45083,Bacalar,601
24001,19020,Ahualulco,284
24002,8682,Alaquines,125
24003,50884,Aquismon,381
24004,4313,Armadillo de los Infante,56
24042,15866,Tanquian de Escobedo,414
24043,9596,Tierra Nueva,101
24005,19719,Cardenas,691
24006,10209,Catorce,165
24048,5600,Villa de la Paz,100
24007,20098,Cedral,517
25017,94901,Sinaloa,730
25018,160045,Navolato,2475
26001,3025,Aconchi,42
26002,88530,Agua Prieta,1512
26003,27922,Alamos,703
26004,10309,Altar,147
24014,16224,Coxcatlan,231
24018,16719,Huehuetlan,291
24020,104218,Matehuala,4381
24021,59381,Mexquitic de Carmona,809
24022,20338,Moctezuma,160
24044,8032,Vanegas,98
24045,15226,Venado,181
24049,39037,Villa de Ramos,210
24050,51531,Villa de Reyes,936
24054,54251,Xilitla,994
24055,27163,Zaragoza,359
24056,16056,Villa de Arista,464
26005,1284,Arivechi,33
24058,23108,El Naranjo,725
25001,480654,Ahome,11191
25002,50579,Angostura,760
25003,32022,Badiraguato,595
25004,29379,Concordia,194
25005,17211,Cosala,378
25006,962871,Culiacan,30353
25007,34547,Choix,292
25008,59057,Elota,1040
25009,62697,Escuinapa,1547
25010,108251,El Fuerte,1682
25011,316217,Guasave,7713
25012,533733,Mazatlan,11176
25013,48313,Mocorito,434
25014,56992,Rosario,1278
25015,86932,Salvador Alvarado,1925
26007,638,Atil,15
26010,1537,Bacerac,8
26009,862,Bacanora,17
26019,38103,Cananea,2409
26027,9356,Fronteras,46
26020,5305,Carbo,64
26021,2122,La Colorada,8
26028,1170,Granados,53
26030,946054,Hermosillo,48246
26032,990,Huasabas,19
26034,1091,Huepac,6
26035,13843,Imuris,147
26037,1324,Mazatan,9
26043,253486,Nogales,5945
26044,493,Onavas,7
26046,432,Oquitoa,6
26047,10159,Pitiquito,340
26050,1653,Rayon,17
26053,449,San Felipe de Jesus,6
26054,679,San Javier,14
26061,1474,Soyopa,3
26056,10070,San Miguel de Horcasitas,80
26063,1515,Tepache,12
26057,1648,San Pedro de la Cueva,14
26059,2031,Santa Cruz,5
26060,1736,Saric,33
28028,3738,Nuevo Morelos,50
26065,1329,Tubutama,11
28036,1100,San Nicolas,13
26066,9577,Ures,150
26067,1693,Villa Hidalgo,17
26068,1263,Villa Pesqueira,7
26070,18481,General Plutarco Elias Calles,461
27002,276096,Cardenas,12791
27003,117902,Centla,3084
27004,739611,Centro,62862
27005,217559,Comalcalco,6020
27006,148165,Cunduacan,5839
27007,32992,Emiliano Zapata,1832
27008,200660,Huimanguillo,4519
27009,41267,Jalapa,2142
27010,94252,Jalpa de Mendez,5918
27011,32829,Jonuta,1133
27012,177047,Macuspana,7027
27013,149256,Nacajuca,12506
27014,101901,Paraiso,5656
27015,52105,Tacotalpa,1816
27016,62448,Teapa,2827
27017,63851,Tenosique,4219
28001,12768,Abasolo,133
28002,30886,Aldama,1034
28003,255602,Altamira,9456
28004,10384,Antiguo Morelos,125
28006,8446,Bustamante,36
28009,223413,Ciudad Madero,8554
28017,16350,Jaumave,367
29054,6031,San Lorenzo Axocomanitla,127
28018,8538,Jimenez,68
28019,17892,Llera,158
28020,2684,Mainero,52
28021,125639,El Mante,4542
28022,546115,Matamoros,15508
28023,4140,Mendez,21
28024,4434,Mier,140
28025,29033,Miguel Aleman,786
28026,3817,Miquihuana,26
28027,421295,Nuevo Laredo,8145
30079,11998,Ixhuacan de los Reyes,25
30080,23980,Ixhuatlan del Cafe,93
30081,27351,Ixhuatlancillo,479
28029,14524,Ocampo,115
28030,14808,Padilla,432
28031,1840,Palmillas,12
28032,686670,Reynosa,15211
28033,133206,Rio Bravo,1979
28034,9433,San Carlos,83
28035,59215,San Fernando,1086
30082,16524,Ixhuatlan del Sureste,115
30083,56503,Ixhuatlan de Madero,73
30084,6067,Ixmatlahuacan,58
30085,72556,Ixtaczoquitlan,1797
30086,46453,Jalacingo,89
30087,513443,Xalapa,10688
30088,5378,Jalcomulco,27
30089,43828,Jaltipan,587
30090,11971,Jamapa,121
30091,30389,Jesus Carranza,45
28040,67965,Valle Hermoso,1323
28041,367051,Victoria,14688
28042,6563,Villagran,40
28043,25174,Xicotencatl,444
29001,12018,Amaxac de Guerrero,287
29002,16266,Apetatitlan de Antonio Carvajal,513
29003,7030,Atlangatepec,86
29004,18578,Altzayanca,81
29005,85176,Apizaco,3258
29006,51966,Calpulalpan,673
29007,18281,El Carmen Tequexquitla,121
29008,16363,Cuapiaxtla,117
29009,5720,Cuaxomulco,125
29010,77435,Chiautempan,1816
29011,4905,Muñoz de Domingo Arenas,55
29012,9409,Españita,50
29013,100247,Huamantla,1619
29014,15578,Hueyotlipan,125
29019,22733,Tepetitla de Lardizabal,337
29027,13938,Tenancingo,229
29034,45726,Tlaxco,781
30115,39768,Nogales,1209
29035,6306,Tocatlan,151
29036,24161,Totolac,627
29037,9486,Ziltlaltepec de Trinidad Sanchez Santos,81
29038,18563,Tzompantepec,443
29039,25784,Xaloztoc,480
29040,11627,Xaltocan,191
29041,32591,Papalotla de Xicohtencatl,844
30166,10147,Tepetlan,17
30167,15415,Tepetzintla,32
30168,15968,Tequila,44
30169,24096,Jose Azueta,301
30170,11527,Texcatepec,13
30171,5630,Texhuacan,11
30172,21798,Texistepec,50
30173,59388,Tezonapa,112
30174,110811,Tierra Blanca,1253
30175,100967,Tihuatlan,1019
29042,14770,Xicohtzinco,408
29045,6446,Benito Juarez,29
31020,4805,Chicxulub Pueblo,47
31021,8960,Chichimila,151
29057,4944,Santa Apolonia Teacalco,74
29049,6022,San Damian Texoloc,74
29051,4107,San Jeronimo Zacualpan,90
29053,8053,San Juan Huactzinco,115
29056,8337,Santa Ana Nopalucan,111
31024,3500,Chumayel,46
30041,2373,Coetzala,13
30057,14791,Chiconquiaco,18
30058,58611,Chicontepec,235
29058,9500,Santa Catarina Ayometla,200
29059,7664,Santa Cruz Quilehtla,63
30059,17075,Chinameca,87
30060,17492,Chinampa de Gorostiza,14
29060,5367,Santa Isabel Xiloxoxtla,79
30061,85144,Las Choapas,498
30062,22053,Chocaman,201
30063,15234,Chontla,20
30002,3344,Acatlan,13
30003,91195,Acayucan,483
30004,45818,Actopan,226
30005,5690,Acula,57
30006,23921,Acultzingo,120
30007,6820,Camaron de Tejeda,20
30008,10563,Alpatlahuac,13
30009,30740,Alto Lucero de Gutierrez Barrios,111
30010,68340,Altotonga,229
30011,56635,Alvarado,730
30018,1969,Aquila,5
30027,18423,Benito Juarez,23
30028,152810,Boca del Rio,2630
30029,13500,Calcahualco,15
30030,44880,Camerino Z. Mendoza,862
30031,17803,Carrillo Puerto,36
30032,52134,Catemaco,452
30033,24958,Cazones de Herrera,142
30034,28541,Cerro Azul,145
30035,12474,Citlaltepetl,15
30036,10965,Coacoatzintla,58
30037,8852,Coahuitlan,6
30038,97949,Coatepec,1522
30039,339108,Coatzacoalcos,8610
30040,59863,Coatzintla,1126
30165,8888,Tepatlaxco,7
30064,4095,Chumatlan,3
32036,45302,Ojocaliente,571
30074,7636,Huiloapan de Cuauhtemoc,172
30075,18267,Ignacio de la Llave,59
30076,14240,Ilamatlan,17
30077,45440,Isla,313
30078,14148,Ixcatepec,25
30096,1671,Landero y Coss,5
30098,3240,Magdalena,14
30107,3130,Las Minas,2
30108,164357,Minatitlan,3439
30109,67752,Misantla,429
30110,12205,Mixtla de Altamirano,12
30111,18117,Moloacan,88
30112,22956,Naolinco,91
30113,4817,Naranjal,39
30114,11519,Nautla,46
30116,17291,Oluta,79
30118,134420,Orizaba,5812
30119,5971,Otatitlan,12
30120,17084,Oteapan,60
30125,33345,Paso del Macho,180
30126,35445,Paso de Ovejas,473
30127,28959,La Perla,51
30128,76977,Perote,567
30129,19132,Platon Sanchez,50
30130,39712,Playa Vicente,121
30131,217773,Poza Rica de Hidalgo,6694
30133,60978,Pueblo Viejo,605
30134,23890,Puente Nacional,359
30135,24439,Rafael Delgado,449
30136,8510,Rafael Lucio,43
30138,44568,Rio Blanco,1540
30140,3097,San Andres Tenejapan,20
30141,173149,San Andres Tuxtla,2271
30142,35607,San Juan Evangelista,37
30143,60542,Santiago Tuxtla,336
30144,34331,Sayula de Aleman,55
30145,17083,Soconusco,57
30146,3839,Sochiapa,18
30147,24269,Soledad Atzompa,15
30148,29150,Soledad de Doblado,243
30149,36043,Soteapan,30
30150,12233,Tamalin,18
30151,24459,Tamiahua,83
30152,13099,Tampico Alto,56
30153,6072,Tancoco,12
30154,13662,Tantima,13
30155,109017,Tantoyuca,247
30156,6179,Tatatila,8
30157,20752,Castillo de Teayo,54
30158,25352,Tecolutla,120
30159,27267,Tehuipango,20
30160,110365,Alamo Temapache,481
30161,37410,Tempoal,145
30162,7081,Tenampa,9
30163,5425,Tenochtitlan,7
30164,17551,Teocelo,108
30185,5584,Tlilapan,96
30190,2358,Tuxtilla,36
30192,21319,Vega de Alatorre,125
30193,626918,Veracruz,23334
30194,12406,Villa Aldama,50
30196,18981,Yanga,246
30197,12549,Yecuatla,17
30198,7530,Zacualpan,8
30199,11884,Zaragoza,29
30206,31215,Nanchital de Lazaro Cardenas del Rio,420
31001,7035,Abala,73
31002,17390,Acanceh,496
31003,11877,Akil,113
31004,6406,Baca,99
31005,2349,Bokoba,44
31049,3901,Mayapan,6
31007,7768,Cacalchen,72
31009,4994,Cansahcab,65
31055,7249,Opichen,67
31056,33191,Oxkutzcab,348
31057,8254,Panaba,102
31010,2684,Cantamayec,10
31012,4194,Cenotillo,40
31013,11891,Conkal,363
31014,1724,Cuncunul,91
31015,5555,Cuzama,40
31016,3197,Chacsinkin,21
31018,3388,Chapab,86
31022,4448,Chikindzonot,37
31064,1829,Sanahcat,12
31023,5070,Chochola,51
31025,5690,Dzan,108
31026,3981,Dzemul,68
31027,8874,Dzidzantun,81
31031,2840,Dzoncauich,15
31033,21620,Halacho,157
31034,6607,Hocaba,50
31035,6358,Hoctun,65
31037,5578,Huhi,33
31038,34856,Hunucma,1016
31039,4390,Ixil,38
31041,108918,Kanasin,2952
31042,5813,Kantunil,27
31072,1963,Suma,36
31043,3307,Kaua,39
31044,7657,Kinchil,125
31045,2726,Kopoma,34
31046,3371,Mama,34
31048,24331,Maxcanu,661
31073,5375,Tahdziu,11
31051,3513,Mococha,46
31053,13571,Muna,155
31100,3963,Ucu,51
31054,3074,Muxupip,40
32017,199581,Guadalupe,9132
32018,4263,Huanusco,53
32019,25422,Jalpa,440
32020,63035,Jerez,1420
32021,4464,Jimenez del Teul,27
32022,22780,Juan Aldama,189
32023,13357,Juchipila,121
32024,56515,Loreto,529
32025,13948,Luis Moya,93
32026,18464,Mazapil,279
32027,3112,Melchor Ocampo,12
32028,2605,Mezquital del Oro,15
32029,24847,Miguel Auza,155
32030,2542,Momax,110
32031,9708,Monte Escobedo,230
32032,13120,Morelos,373
32033,4217,Moyahua de Estrada,20
32034,29353,Nochistlan de Mejia,1298
32035,17636,Noria de Angeles,108
31060,1028,Quintana Roo,8
31062,5157,Sacalum,78
31063,5540,Samahil,130
32057,20285,Trancoso,306
31068,3377,Sinanche,39
31070,4204,Sucila,116
31074,3982,Tahmek,68
31075,7031,Teabo,110
31076,18791,Tecoh,160
31077,2845,Tekal de Venegas,19
31078,4049,Tekanto,36
31080,10974,Tekit,42
31082,4051,Telchac Pueblo,40
31083,1912,Telchac Puerto,20
31086,2372,Tepakan,18
31087,5419,Tetiz,49
31088,2091,Teya,31
31090,7877,Timucuy,56
31094,5200,Tixmehuac,14
31095,5922,Tixpehual,103
31097,3751,Tunkas,27
31103,3722,Xocchel,21
31105,3377,Yaxkukul,49
31106,2426,Yobain,20
32003,2621,Atolinga,51
32004,4307,Benito Juarez,47
32005,47377,Calera,748
32006,8712,Cañitas de Felipe Pescador,70
32007,13933,Concepcion del Oro,474
32008,13230,Cuauhtemoc,90
32009,11842,Chalchihuites,63
32010,242826,Fresnillo,7315
32011,3022,Trinidad Garcia de la Cadena,42
32012,8559,Genaro Codina,83
32013,6620,General Enrique Estrada,85
32014,22792,General Francisco R. Murguia,188
32015,1340,El Plateado de Joaquin Amaro,11
32016,24286,General Panfilo Natera,230
32041,2528,El Salvador,28
32052,20167,Villa Garcia,104
32053,13945,Villa Gonzalez Ortega,150
32054,20177,Villa Hidalgo,125
32055,31804,Villanueva,533
32056,155533,Zacatecas,10021
32058,2855,Santa Maria de la Paz,40
